{
    "data": [
        {
            "title": "DATI PER Molecules\\Archaea\\5S-Archaea-Phylum.csv E BenchMark-results-Aspra\\Archaea\\5S-aspralign.csv",
            "single": {
                "rand_score": 0.48,
                "homogeneity_score": 0.16445092468173897,
                "completeness_score": 0.1304306764935216
            },
            "average": {
                "rand_score": 0.48,
                "homogeneity_score": 0.16445092468173897,
                "completeness_score": 0.1304306764935216
            },
            "complete": {
                "rand_score": 0.48,
                "homogeneity_score": 0.16445092468173897,
                "completeness_score": 0.1304306764935216
            },
            "key": "5S-Archaea-Phylum"
        },
        {
            "title": "DATI PER Molecules\\Bacteria\\5S-Bacteria-Phylum.csv E BenchMark-results-Aspra\\Bacteria\\5S-aspralign.csv",
            "single": {
                "rand_score": 0.5529175050301811,
                "homogeneity_score": 0.18073456660159648,
                "completeness_score": 0.4626212981445627
            },
            "average": {
                "rand_score": 0.7090543259557344,
                "homogeneity_score": 0.4551692141619585,
                "completeness_score": 0.6022729695661921
            },
            "complete": {
                "rand_score": 0.7090543259557344,
                "homogeneity_score": 0.4551692141619585,
                "completeness_score": 0.602272969566192
            },
            "key": "5S-Bacteria-Phylum"
        },
        {
            "title": "DATI PER Molecules\\Eukaryota\\5S-Eukaryota-Phylum.csv E BenchMark-results-Aspra\\Eukaryota\\5S-aspralign.csv",
            "single": {
                "rand_score": 0.48564593301435405,
                "homogeneity_score": 0.09277817447592267,
                "completeness_score": 0.32269299110875166
            },
            "average": {
                "rand_score": 0.48564593301435405,
                "homogeneity_score": 0.09277817447592267,
                "completeness_score": 0.32269299110875166
            },
            "complete": {
                "rand_score": 0.48564593301435405,
                "homogeneity_score": 0.09277817447592267,
                "completeness_score": 0.32269299110875166
            },
            "key": "5S-Eukaryota-Phylum"
        },
        {
            "title": "DATI PER Molecules\\Archaea\\16S-Archaea-Phylum.csv E BenchMark-results-Aspra\\Archaea\\16S-aspralign.csv",
            "single": {
                "rand_score": 0.9202898550724637,
                "homogeneity_score": 0.8331194079063331,
                "completeness_score": 0.7775065845637619
            },
            "average": {
                "rand_score": 0.7463768115942029,
                "homogeneity_score": 0.8331194079063324,
                "completeness_score": 0.5592776690565152
            },
            "complete": {
                "rand_score": 0.7463768115942029,
                "homogeneity_score": 0.8331194079063324,
                "completeness_score": 0.5592776690565152
            },
            "key": "16S-Archaea-Phylum"
        },
        {
            "title": "DATI PER Molecules\\Bacteria\\16S-Bacteria-Phylum.csv E BenchMark-results-Aspra\\Bacteria\\16S-aspralign.csv",
            "single": {
                "rand_score": 0.46145728643216083,
                "homogeneity_score": 0.2764155680473435,
                "completeness_score": 0.5641430868416991
            },
            "average": {
                "rand_score": 0.82321608040201,
                "homogeneity_score": 0.660510215207361,
                "completeness_score": 0.6131245192673109
            },
            "complete": {
                "rand_score": 0.8179396984924623,
                "homogeneity_score": 0.6840400443629564,
                "completeness_score": 0.5824012865799808
            },
            "key": "16S-Bacteria-Phylum"
        },
        {
            "title": "DATI PER Molecules\\Eukaryota\\16S-Eukaryota-Phylum.csv E BenchMark-results-Aspra\\Eukaryota\\16S-aspralign.csv",
            "single": {
                "rand_score": 0.45709165386584744,
                "homogeneity_score": 0.23118631308707066,
                "completeness_score": 0.5596395183633723
            },
            "average": {
                "rand_score": 0.7292882744495648,
                "homogeneity_score": 0.38029675035697125,
                "completeness_score": 0.4834468514134316
            },
            "complete": {
                "rand_score": 0.7679723502304148,
                "homogeneity_score": 0.47413194478814336,
                "completeness_score": 0.5203028676277969
            },
            "key": "16S-Eukaryota-Phylum"
        },
        {
            "title": "DATI PER Molecules\\Archaea\\23S-Archaea-Phylum.csv E BenchMark-results-Aspra\\Archaea\\23S-aspralign.csv",
            "single": {
                "rand_score": 1.0,
                "homogeneity_score": 1.0,
                "completeness_score": 1.0
            },
            "average": {
                "rand_score": 1.0,
                "homogeneity_score": 1.0,
                "completeness_score": 1.0
            },
            "complete": {
                "rand_score": 1.0,
                "homogeneity_score": 1.0,
                "completeness_score": 1.0
            },
            "key": "23S-Archaea-Phylum"
        },
        {
            "title": "DATI PER Molecules\\Bacteria\\23S-Bacteria-Phylum.csv E BenchMark-results-Aspra\\Bacteria\\23S-aspralign.csv",
            "single": {
                "rand_score": 0.4274640088593577,
                "homogeneity_score": 0.21003750295377197,
                "completeness_score": 0.4710271908025648
            },
            "average": {
                "rand_score": 0.5016611295681063,
                "homogeneity_score": 0.30311087712860973,
                "completeness_score": 0.553847399495723
            },
            "complete": {
                "rand_score": 0.8349944629014396,
                "homogeneity_score": 0.6598700951203534,
                "completeness_score": 0.684979290521641
            },
            "key": "23S-Bacteria-Phylum"
        },
        {
            "title": "DATI PER Molecules\\Eukaryota\\23S-Eukaryota-Phylum.csv E BenchMark-results-Aspra\\Eukaryota\\23S-aspralign.csv",
            "single": {
                "rand_score": 0.8428571428571429,
                "homogeneity_score": 0.6760692642994329,
                "completeness_score": 0.7261452444281522
            },
            "average": {
                "rand_score": 0.8428571428571429,
                "homogeneity_score": 0.6760692642994329,
                "completeness_score": 0.7261452444281522
            },
            "complete": {
                "rand_score": 0.8571428571428571,
                "homogeneity_score": 0.6666666666666665,
                "completeness_score": 0.6887679639802641
            },
            "key": "23S-Eukaryota-Phylum"
        }
    ]
}