{
    "data": [
        {
            "title": "DATI PER Molecules\\Archaea\\5S-Archaea-Phylum.csv E BenchMark-results-Serna1\\Archaea\\5S-SernaAlign1.csv",
            "single": {
                "rand_score": 0.7292307692307692,
                "homogeneity_score": 0.13643577947225077,
                "completeness_score": 0.40970989546560743
            },
            "average": {
                "rand_score": 0.7292307692307692,
                "homogeneity_score": 0.13643577947225077,
                "completeness_score": 0.40970989546560743
            },
            "complete": {
                "rand_score": 0.7292307692307692,
                "homogeneity_score": 0.13643577947225077,
                "completeness_score": 0.40970989546560743
            },
            "key": "5S-Archaea-Phylum"
        },
        {
            "title": "DATI PER Molecules\\Bacteria\\5S-Bacteria-Phylum.csv E BenchMark-results-Serna1\\Bacteria\\5S-SernaAlign1.csv",
            "single": {
                "rand_score": 0.5529175050301811,
                "homogeneity_score": 0.18073456660159648,
                "completeness_score": 0.4626212981445627
            },
            "average": {
                "rand_score": 0.7569416498993964,
                "homogeneity_score": 0.4776291994273531,
                "completeness_score": 0.5790887102398615
            },
            "complete": {
                "rand_score": 0.7090543259557344,
                "homogeneity_score": 0.4551692141619585,
                "completeness_score": 0.602272969566192
            },
            "key": "5S-Bacteria-Phylum"
        },
        {
            "title": "DATI PER Molecules\\Eukaryota\\5S-Eukaryota-Phylum.csv E BenchMark-results-Serna1\\Eukaryota\\5S-SernaAlign1.csv",
            "single": {
                "rand_score": 0.48564593301435405,
                "homogeneity_score": 0.09277817447592267,
                "completeness_score": 0.32269299110875166
            },
            "average": {
                "rand_score": 0.48564593301435405,
                "homogeneity_score": 0.09277817447592267,
                "completeness_score": 0.32269299110875166
            },
            "complete": {
                "rand_score": 0.48564593301435405,
                "homogeneity_score": 0.09277817447592267,
                "completeness_score": 0.32269299110875166
            },
            "key": "5S-Eukaryota-Phylum"
        },
        {
            "title": "DATI PER Molecules\\Archaea\\16S-Archaea-Phylum.csv E BenchMark-results-Serna1\\Archaea\\16S-SernaAlign1.csv",
            "single": {
                "rand_score": 0.644927536231884,
                "homogeneity_score": 0.4176649951046867,
                "completeness_score": 0.33994337672235075
            },
            "average": {
                "rand_score": 0.644927536231884,
                "homogeneity_score": 0.4176649951046867,
                "completeness_score": 0.33994337672235075
            },
            "complete": {
                "rand_score": 0.644927536231884,
                "homogeneity_score": 0.4176649951046867,
                "completeness_score": 0.33994337672235075
            },
            "key": "16S-Archaea-Phylum"
        },
        {
            "title": "DATI PER Molecules\\Bacteria\\16S-Bacteria-Phylum.csv E BenchMark-results-Serna1\\Bacteria\\16S-SernaAlign1.csv",
            "single": {
                "rand_score": 0.7182914572864322,
                "homogeneity_score": 0.38617071362219907,
                "completeness_score": 0.4437452450381053
            },
            "average": {
                "rand_score": 0.7565326633165829,
                "homogeneity_score": 0.4343376044342454,
                "completeness_score": 0.3476105089436658
            },
            "complete": {
                "rand_score": 0.7594472361809045,
                "homogeneity_score": 0.47655386300709385,
                "completeness_score": 0.3731580753694989
            },
            "key": "16S-Bacteria-Phylum"
        },
        {
            "title": "DATI PER Molecules\\Eukaryota\\16S-Eukaryota-Phylum.csv E BenchMark-results-Serna1\\Eukaryota\\16S-SernaAlign1.csv",
            "single": {
                "rand_score": 0.5930619559651817,
                "homogeneity_score": 0.20633059746294577,
                "completeness_score": 0.3985454710804084
            },
            "average": {
                "rand_score": 0.7686891961085509,
                "homogeneity_score": 0.3886052385254824,
                "completeness_score": 0.41033440065212573
            },
            "complete": {
                "rand_score": 0.6723758320532514,
                "homogeneity_score": 0.28463115127503497,
                "completeness_score": 0.3461453714923942
            },
            "key": "16S-Eukaryota-Phylum"
        },
        {
            "title": "DATI PER Molecules\\Archaea\\23S-Archaea-Phylum.csv E BenchMark-results-Serna1\\Archaea\\23S-SernaAlign1.csv",
            "single": {
                "rand_score": 1.0,
                "homogeneity_score": 1.0,
                "completeness_score": 1.0
            },
            "average": {
                "rand_score": 1.0,
                "homogeneity_score": 1.0,
                "completeness_score": 1.0
            },
            "complete": {
                "rand_score": 1.0,
                "homogeneity_score": 1.0,
                "completeness_score": 1.0
            },
            "key": "23S-Archaea-Phylum"
        },
        {
            "title": "DATI PER Molecules\\Bacteria\\23S-Bacteria-Phylum.csv E BenchMark-results-Serna1\\Bacteria\\23S-SernaAlign1.csv",
            "single": {
                "rand_score": 0.5382059800664452,
                "homogeneity_score": 0.36340396637425126,
                "completeness_score": 0.6742349627328588
            },
            "average": {
                "rand_score": 0.5636766334440753,
                "homogeneity_score": 0.3974245231951339,
                "completeness_score": 0.5177206507442655
            },
            "complete": {
                "rand_score": 0.6522702104097453,
                "homogeneity_score": 0.38803754795311646,
                "completeness_score": 0.356809974442371
            },
            "key": "23S-Bacteria-Phylum"
        },
        {
            "title": "DATI PER Molecules\\Eukaryota\\23S-Eukaryota-Phylum.csv E BenchMark-results-Serna1\\Eukaryota\\23S-SernaAlign1.csv",
            "single": {
                "rand_score": 0.7285714285714285,
                "homogeneity_score": 0.4848422495819809,
                "completeness_score": 0.5630024484345317
            },
            "average": {
                "rand_score": 0.7285714285714285,
                "homogeneity_score": 0.48484224958198086,
                "completeness_score": 0.5630024484345316
            },
            "complete": {
                "rand_score": 0.6333333333333333,
                "homogeneity_score": 0.38573288989339954,
                "completeness_score": 0.5061691719616929
            },
            "key": "23S-Eukaryota-Phylum"
        }
    ]
}