{
    "data": [
        {
            "title": "DATI PER Molecules\\Archaea\\5S-Archaea-Phylum.csv E BenchMark-results-H2\\Archaea\\5S-SernaAlign4.csv",
            "single": {
                "rand_score": 0.7292307692307692,
                "homogeneity_score": 0.13643577947225077,
                "completeness_score": 0.40970989546560743
            },
            "average": {
                "rand_score": 0.7292307692307692,
                "homogeneity_score": 0.13643577947225077,
                "completeness_score": 0.40970989546560743
            },
            "complete": {
                "rand_score": 0.7292307692307692,
                "homogeneity_score": 0.13643577947225077,
                "completeness_score": 0.40970989546560743
            },
            "key": "5S-Archaea-Phylum"
        },
        {
            "title": "DATI PER Molecules\\Bacteria\\5S-Bacteria-Phylum.csv E BenchMark-results-H2\\Bacteria\\5S-SernaAlign4.csv",
            "single": {
                "rand_score": 0.5529175050301811,
                "homogeneity_score": 0.18073456660159648,
                "completeness_score": 0.4626212981445627
            },
            "average": {
                "rand_score": 0.7569416498993964,
                "homogeneity_score": 0.4776291994273531,
                "completeness_score": 0.5790887102398615
            },
            "complete": {
                "rand_score": 0.7090543259557344,
                "homogeneity_score": 0.4551692141619585,
                "completeness_score": 0.602272969566192
            },
            "key": "5S-Bacteria-Phylum"
        },
        {
            "title": "DATI PER Molecules\\Eukaryota\\5S-Eukaryota-Phylum.csv E BenchMark-results-H2\\Eukaryota\\5S-SernaAlign4.csv",
            "single": {
                "rand_score": 0.48564593301435405,
                "homogeneity_score": 0.09277817447592267,
                "completeness_score": 0.32269299110875166
            },
            "average": {
                "rand_score": 0.48564593301435405,
                "homogeneity_score": 0.09277817447592267,
                "completeness_score": 0.32269299110875166
            },
            "complete": {
                "rand_score": 0.48564593301435405,
                "homogeneity_score": 0.09277817447592267,
                "completeness_score": 0.32269299110875166
            },
            "key": "5S-Eukaryota-Phylum"
        },
        {
            "title": "DATI PER Molecules\\Archaea\\16S-Archaea-Phylum.csv E BenchMark-results-H2\\Archaea\\16S-SernaAlign4.csv",
            "single": {
                "rand_score": 0.644927536231884,
                "homogeneity_score": 0.4176649951046867,
                "completeness_score": 0.33994337672235075
            },
            "average": {
                "rand_score": 0.605072463768116,
                "homogeneity_score": 0.4176649951046867,
                "completeness_score": 0.30695240421151176
            },
            "complete": {
                "rand_score": 0.7282608695652174,
                "homogeneity_score": 0.539815362647919,
                "completeness_score": 0.37969622594759506
            },
            "key": "16S-Archaea-Phylum"
        },
        {
            "title": "DATI PER Molecules\\Bacteria\\16S-Bacteria-Phylum.csv E BenchMark-results-H2\\Bacteria\\16S-SernaAlign4.csv",
            "single": {
                "rand_score": 0.5046231155778894,
                "homogeneity_score": 0.25448628119633854,
                "completeness_score": 0.4793231298824711
            },
            "average": {
                "rand_score": 0.767537688442211,
                "homogeneity_score": 0.47545403446544215,
                "completeness_score": 0.3699726528901322
            },
            "complete": {
                "rand_score": 0.7328643216080402,
                "homogeneity_score": 0.4094318928096162,
                "completeness_score": 0.3303336879069018
            },
            "key": "16S-Bacteria-Phylum"
        },
        {
            "title": "DATI PER Molecules\\Eukaryota\\16S-Eukaryota-Phylum.csv E BenchMark-results-H2\\Eukaryota\\16S-SernaAlign4.csv",
            "single": {
                "rand_score": 0.2516641065028162,
                "homogeneity_score": 0.08193170993019554,
                "completeness_score": 0.4180229389665028
            },
            "average": {
                "rand_score": 0.6259088581669227,
                "homogeneity_score": 0.24120436782758242,
                "completeness_score": 0.387067786245613
            },
            "complete": {
                "rand_score": 0.7136968766001024,
                "homogeneity_score": 0.3012355930424497,
                "completeness_score": 0.36707151001412824
            },
            "key": "16S-Eukaryota-Phylum"
        },
        {
            "title": "DATI PER Molecules\\Archaea\\23S-Archaea-Phylum.csv E BenchMark-results-H2\\Archaea\\23S-SernaAlign4.csv",
            "single": {
                "rand_score": 1.0,
                "homogeneity_score": 1.0,
                "completeness_score": 1.0
            },
            "average": {
                "rand_score": 1.0,
                "homogeneity_score": 1.0,
                "completeness_score": 1.0
            },
            "complete": {
                "rand_score": 1.0,
                "homogeneity_score": 1.0,
                "completeness_score": 1.0
            },
            "key": "23S-Archaea-Phylum"
        },
        {
            "title": "DATI PER Molecules\\Bacteria\\23S-Bacteria-Phylum.csv E BenchMark-results-H2\\Bacteria\\23S-SernaAlign4.csv",
            "single": {
                "rand_score": 0.5548172757475083,
                "homogeneity_score": 0.3778930666302723,
                "completeness_score": 0.5291147993459352
            },
            "average": {
                "rand_score": 0.6744186046511628,
                "homogeneity_score": 0.486604454114337,
                "completeness_score": 0.4965374740798457
            },
            "complete": {
                "rand_score": 0.6622369878183831,
                "homogeneity_score": 0.410677142878283,
                "completeness_score": 0.4115728297000007
            },
            "key": "23S-Bacteria-Phylum"
        },
        {
            "title": "DATI PER Molecules\\Eukaryota\\23S-Eukaryota-Phylum.csv E BenchMark-results-H2\\Eukaryota\\23S-SernaAlign4.csv",
            "single": {
                "rand_score": 0.5333333333333333,
                "homogeneity_score": 0.30586270921307074,
                "completeness_score": 0.5038028964957941
            },
            "average": {
                "rand_score": 0.5333333333333333,
                "homogeneity_score": 0.30586270921307074,
                "completeness_score": 0.5038028964957941
            },
            "complete": {
                "rand_score": 0.5333333333333333,
                "homogeneity_score": 0.30586270921307074,
                "completeness_score": 0.5038028964957941
            },
            "key": "23S-Eukaryota-Phylum"
        }
    ]
}