{
    "data": [
        {
            "title": "DATI PER Molecules\\Archaea\\5S-Archaea-Phylum.csv E BenchMark-results-H2\\Archaea\\5S-SernalignHeuristic.csv",
            "single": {
                "rand_score": 0.7292307692307692,
                "homogeneity_score": 0.13643577947225077,
                "completeness_score": 0.40970989546560743
            },
            "average": {
                "rand_score": 0.7292307692307692,
                "homogeneity_score": 0.13643577947225077,
                "completeness_score": 0.40970989546560743
            },
            "complete": {
                "rand_score": 0.7292307692307692,
                "homogeneity_score": 0.13643577947225077,
                "completeness_score": 0.40970989546560743
            },
            "key": "5S-Archaea-Phylum"
        },
        {
            "title": "DATI PER Molecules\\Bacteria\\5S-Bacteria-Phylum.csv E BenchMark-results-H2\\Bacteria\\5S-SernalignHeuristic.csv",
            "single": {
                "rand_score": 0.5529175050301811,
                "homogeneity_score": 0.18073456660159648,
                "completeness_score": 0.4626212981445627
            },
            "average": {
                "rand_score": 0.7569416498993964,
                "homogeneity_score": 0.4776291994273531,
                "completeness_score": 0.5790887102398615
            },
            "complete": {
                "rand_score": 0.7090543259557344,
                "homogeneity_score": 0.4551692141619585,
                "completeness_score": 0.602272969566192
            },
            "key": "5S-Bacteria-Phylum"
        },
        {
            "title": "DATI PER Molecules\\Eukaryota\\5S-Eukaryota-Phylum.csv E BenchMark-results-H2\\Eukaryota\\5S-SernalignHeuristic.csv",
            "single": {
                "rand_score": 0.48564593301435405,
                "homogeneity_score": 0.09277817447592267,
                "completeness_score": 0.32269299110875166
            },
            "average": {
                "rand_score": 0.48564593301435405,
                "homogeneity_score": 0.09277817447592267,
                "completeness_score": 0.32269299110875166
            },
            "complete": {
                "rand_score": 0.48564593301435405,
                "homogeneity_score": 0.09277817447592267,
                "completeness_score": 0.32269299110875166
            },
            "key": "5S-Eukaryota-Phylum"
        },
        {
            "title": "DATI PER Molecules\\Archaea\\16S-Archaea-Phylum.csv E BenchMark-results-H2\\Archaea\\16S-SernalignHeuristic.csv",
            "single": {
                "rand_score": 0.8188405797101449,
                "homogeneity_score": 0.8331194079063324,
                "completeness_score": 0.6246391166451258
            },
            "average": {
                "rand_score": 0.7789855072463768,
                "homogeneity_score": 0.8331194079063328,
                "completeness_score": 0.5860009122268152
            },
            "complete": {
                "rand_score": 0.7246376811594203,
                "homogeneity_score": 0.5870282350544953,
                "completeness_score": 0.4243559315747369
            },
            "key": "16S-Archaea-Phylum"
        },
        {
            "title": "DATI PER Molecules\\Bacteria\\16S-Bacteria-Phylum.csv E BenchMark-results-H2\\Bacteria\\16S-SernalignHeuristic.csv",
            "single": {
                "rand_score": 0.4999497487437186,
                "homogeneity_score": 0.30038645009324855,
                "completeness_score": 0.6681278130987772
            },
            "average": {
                "rand_score": 0.8130653266331658,
                "homogeneity_score": 0.5730193126918935,
                "completeness_score": 0.5360547287305416
            },
            "complete": {
                "rand_score": 0.809748743718593,
                "homogeneity_score": 0.614418140957621,
                "completeness_score": 0.4924273788788104
            },
            "key": "16S-Bacteria-Phylum"
        },
        {
            "title": "DATI PER Molecules\\Eukaryota\\16S-Eukaryota-Phylum.csv E BenchMark-results-H2\\Eukaryota\\16S-SernalignHeuristic.csv",
            "single": {
                "rand_score": 0.6063748079877113,
                "homogeneity_score": 0.2056761709984504,
                "completeness_score": 0.3844789704777678
            },
            "average": {
                "rand_score": 0.706989247311828,
                "homogeneity_score": 0.3402812264285918,
                "completeness_score": 0.48846581903438374
            },
            "complete": {
                "rand_score": 0.7742191500256016,
                "homogeneity_score": 0.45091478275182345,
                "completeness_score": 0.5406712746893363
            },
            "key": "16S-Eukaryota-Phylum"
        },
        {
            "title": "DATI PER Molecules\\Archaea\\23S-Archaea-Phylum.csv E BenchMark-results-H2\\Archaea\\23S-SernalignHeuristic.csv",
            "single": {
                "rand_score": 1.0,
                "homogeneity_score": 1.0,
                "completeness_score": 1.0
            },
            "average": {
                "rand_score": 1.0,
                "homogeneity_score": 1.0,
                "completeness_score": 1.0
            },
            "complete": {
                "rand_score": 1.0,
                "homogeneity_score": 1.0,
                "completeness_score": 1.0
            },
            "key": "23S-Archaea-Phylum"
        },
        {
            "title": "DATI PER Molecules\\Bacteria\\23S-Bacteria-Phylum.csv E BenchMark-results-H2\\Bacteria\\23S-SernalignHeuristic.csv",
            "single": {
                "rand_score": 0.4939091915836102,
                "homogeneity_score": 0.27930712918914274,
                "completeness_score": 0.6263702937948507
            },
            "average": {
                "rand_score": 0.4640088593576966,
                "homogeneity_score": 0.2526468175310383,
                "completeness_score": 0.5085296762025895
            },
            "complete": {
                "rand_score": 0.8737541528239202,
                "homogeneity_score": 0.7118288279083027,
                "completeness_score": 0.7034645102753255
            },
            "key": "23S-Bacteria-Phylum"
        },
        {
            "title": "DATI PER Molecules\\Eukaryota\\23S-Eukaryota-Phylum.csv E BenchMark-results-H2\\Eukaryota\\23S-SernalignHeuristic.csv",
            "single": {
                "rand_score": 0.5333333333333333,
                "homogeneity_score": 0.3058627092130707,
                "completeness_score": 0.5038028964957941
            },
            "average": {
                "rand_score": 0.8285714285714286,
                "homogeneity_score": 0.6123269260602824,
                "completeness_score": 0.6702557216128808
            },
            "complete": {
                "rand_score": 0.8285714285714286,
                "homogeneity_score": 0.6123269260602823,
                "completeness_score": 0.6702557216128807
            },
            "key": "23S-Eukaryota-Phylum"
        }
    ]
}