{
    "data": [
        {
            "title": "DATI PER Molecules\\Archaea\\5S-Archaea-Phylum.csv E BenchMark-results-HS2\\Archaea\\5S-SernalignHeuristic.csv",
            "single": {
                "rand_score": 0.7292307692307692,
                "homogeneity_score": 0.13643577947225077,
                "completeness_score": 0.40970989546560743
            },
            "average": {
                "rand_score": 0.7292307692307692,
                "homogeneity_score": 0.13643577947225077,
                "completeness_score": 0.40970989546560743
            },
            "complete": {
                "rand_score": 0.7292307692307692,
                "homogeneity_score": 0.13643577947225077,
                "completeness_score": 0.40970989546560743
            },
            "key": "5S-Archaea-Phylum"
        },
        {
            "title": "DATI PER Molecules\\Bacteria\\5S-Bacteria-Phylum.csv E BenchMark-results-HS2\\Bacteria\\5S-SernalignHeuristic.csv",
            "single": {
                "rand_score": 0.5529175050301811,
                "homogeneity_score": 0.18073456660159648,
                "completeness_score": 0.4626212981445627
            },
            "average": {
                "rand_score": 0.7569416498993964,
                "homogeneity_score": 0.4776291994273531,
                "completeness_score": 0.5790887102398615
            },
            "complete": {
                "rand_score": 0.7090543259557344,
                "homogeneity_score": 0.4551692141619585,
                "completeness_score": 0.602272969566192
            },
            "key": "5S-Bacteria-Phylum"
        },
        {
            "title": "DATI PER Molecules\\Eukaryota\\5S-Eukaryota-Phylum.csv E BenchMark-results-HS2\\Eukaryota\\5S-SernalignHeuristic.csv",
            "single": {
                "rand_score": 0.48564593301435405,
                "homogeneity_score": 0.09277817447592267,
                "completeness_score": 0.32269299110875166
            },
            "average": {
                "rand_score": 0.48564593301435405,
                "homogeneity_score": 0.09277817447592267,
                "completeness_score": 0.32269299110875166
            },
            "complete": {
                "rand_score": 0.48564593301435405,
                "homogeneity_score": 0.09277817447592267,
                "completeness_score": 0.32269299110875166
            },
            "key": "5S-Eukaryota-Phylum"
        },
        {
            "title": "DATI PER Molecules\\Archaea\\16S-Archaea-Phylum.csv E BenchMark-results-HS2\\Archaea\\16S-SernalignHeuristic.csv",
            "single": {
                "rand_score": 0.7789855072463768,
                "homogeneity_score": 0.8331194079063328,
                "completeness_score": 0.5860009122268152
            },
            "average": {
                "rand_score": 0.7789855072463768,
                "homogeneity_score": 0.8331194079063328,
                "completeness_score": 0.5860009122268152
            },
            "complete": {
                "rand_score": 0.7789855072463768,
                "homogeneity_score": 0.8331194079063328,
                "completeness_score": 0.5860009122268152
            },
            "key": "16S-Archaea-Phylum"
        },
        {
            "title": "DATI PER Molecules\\Bacteria\\16S-Bacteria-Phylum.csv E BenchMark-results-HS2\\Bacteria\\16S-SernalignHeuristic.csv",
            "single": {
                "rand_score": 0.3865326633165829,
                "homogeneity_score": 0.17114031242418543,
                "completeness_score": 0.5283133353680112
            },
            "average": {
                "rand_score": 0.7599497487437186,
                "homogeneity_score": 0.4429666458533305,
                "completeness_score": 0.38711048908037027
            },
            "complete": {
                "rand_score": 0.7756281407035176,
                "homogeneity_score": 0.4794055531026284,
                "completeness_score": 0.3931888978835444
            },
            "key": "16S-Bacteria-Phylum"
        },
        {
            "title": "DATI PER Molecules\\Eukaryota\\16S-Eukaryota-Phylum.csv E BenchMark-results-HS2\\Eukaryota\\16S-SernalignHeuristic.csv",
            "single": {
                "rand_score": 0.2556835637480799,
                "homogeneity_score": 0.07831985709356973,
                "completeness_score": 0.3659831148701522
            },
            "average": {
                "rand_score": 0.7087045570916539,
                "homogeneity_score": 0.3314414351270349,
                "completeness_score": 0.4709799219476726
            },
            "complete": {
                "rand_score": 0.7755248335893498,
                "homogeneity_score": 0.4313786615150234,
                "completeness_score": 0.4710897095132639
            },
            "key": "16S-Eukaryota-Phylum"
        },
        {
            "title": "DATI PER Molecules\\Archaea\\23S-Archaea-Phylum.csv E BenchMark-results-HS2\\Archaea\\23S-SernalignHeuristic.csv",
            "single": {
                "rand_score": 1.0,
                "homogeneity_score": 1.0,
                "completeness_score": 1.0
            },
            "average": {
                "rand_score": 1.0,
                "homogeneity_score": 1.0,
                "completeness_score": 1.0
            },
            "complete": {
                "rand_score": 1.0,
                "homogeneity_score": 1.0,
                "completeness_score": 1.0
            },
            "key": "23S-Archaea-Phylum"
        },
        {
            "title": "DATI PER Molecules\\Bacteria\\23S-Bacteria-Phylum.csv E BenchMark-results-HS2\\Bacteria\\23S-SernalignHeuristic.csv",
            "single": {
                "rand_score": 0.4939091915836102,
                "homogeneity_score": 0.27930712918914274,
                "completeness_score": 0.6263702937948507
            },
            "average": {
                "rand_score": 0.4994462901439646,
                "homogeneity_score": 0.2811336449680193,
                "completeness_score": 0.5136903685255272
            },
            "complete": {
                "rand_score": 0.8172757475083057,
                "homogeneity_score": 0.6406597304798816,
                "completeness_score": 0.6391638587541869
            },
            "key": "23S-Bacteria-Phylum"
        },
        {
            "title": "DATI PER Molecules\\Eukaryota\\23S-Eukaryota-Phylum.csv E BenchMark-results-HS2\\Eukaryota\\23S-SernalignHeuristic.csv",
            "single": {
                "rand_score": 0.5333333333333333,
                "homogeneity_score": 0.3058627092130707,
                "completeness_score": 0.5038028964957941
            },
            "average": {
                "rand_score": 0.8285714285714286,
                "homogeneity_score": 0.6123269260602824,
                "completeness_score": 0.6702557216128808
            },
            "complete": {
                "rand_score": 0.8285714285714286,
                "homogeneity_score": 0.6123269260602823,
                "completeness_score": 0.6702557216128807
            },
            "key": "23S-Eukaryota-Phylum"
        }
    ]
}