{
    "data": [
        {
            "title": "DATI PER Molecules\\Archaea\\5S-Archaea-Phylum.csv E BenchMark-results\\Archaea\\5S-streqalign.csv",
            "single": {
                "rand_score": 0.7292307692307692,
                "homogeneity_score": 0.13643577947225077,
                "completeness_score": 0.40970989546560743
            },
            "average": {
                "rand_score": 0.7292307692307692,
                "homogeneity_score": 0.13643577947225077,
                "completeness_score": 0.40970989546560743
            },
            "complete": {
                "rand_score": 0.7292307692307692,
                "homogeneity_score": 0.13643577947225077,
                "completeness_score": 0.40970989546560743
            },
            "key": "5S-Archaea-Phylum"
        },
        {
            "title": "DATI PER Molecules\\Bacteria\\5S-Bacteria-Phylum.csv E BenchMark-results\\Bacteria\\5S-streqalign.csv",
            "single": {
                "rand_score": 0.5529175050301811,
                "homogeneity_score": 0.18073456660159648,
                "completeness_score": 0.4626212981445627
            },
            "average": {
                "rand_score": 0.7408450704225352,
                "homogeneity_score": 0.380527721013924,
                "completeness_score": 0.5063469617606182
            },
            "complete": {
                "rand_score": 0.7565392354124748,
                "homogeneity_score": 0.4677257509112598,
                "completeness_score": 0.5576702772761104
            },
            "key": "5S-Bacteria-Phylum"
        },
        {
            "title": "DATI PER Molecules\\Eukaryota\\5S-Eukaryota-Phylum.csv E BenchMark-results\\Eukaryota\\5S-streqalign.csv",
            "single": {
                "rand_score": 0.48564593301435405,
                "homogeneity_score": 0.09277817447592267,
                "completeness_score": 0.32269299110875166
            },
            "average": {
                "rand_score": 0.48564593301435405,
                "homogeneity_score": 0.09277817447592267,
                "completeness_score": 0.32269299110875166
            },
            "complete": {
                "rand_score": 0.48564593301435405,
                "homogeneity_score": 0.09277817447592267,
                "completeness_score": 0.32269299110875166
            },
            "key": "5S-Eukaryota-Phylum"
        },
        {
            "title": "DATI PER Molecules\\Archaea\\16S-Archaea-Phylum.csv E BenchMark-results\\Archaea\\16S-streqalign.csv",
            "single": {
                "rand_score": 0.644927536231884,
                "homogeneity_score": 0.4176649951046867,
                "completeness_score": 0.33994337672235075
            },
            "average": {
                "rand_score": 0.644927536231884,
                "homogeneity_score": 0.4176649951046867,
                "completeness_score": 0.33994337672235075
            },
            "complete": {
                "rand_score": 0.644927536231884,
                "homogeneity_score": 0.4176649951046867,
                "completeness_score": 0.33994337672235075
            },
            "key": "16S-Archaea-Phylum"
        },
        {
            "title": "DATI PER Molecules\\Bacteria\\16S-Bacteria-Phylum.csv E BenchMark-results\\Bacteria\\16S-streqalign.csv",
            "single": {
                "rand_score": 0.7217587939698492,
                "homogeneity_score": 0.3847957986024557,
                "completeness_score": 0.4320054524006238
            },
            "average": {
                "rand_score": 0.7596482412060301,
                "homogeneity_score": 0.42776681753575235,
                "completeness_score": 0.3273274547264259
            },
            "complete": {
                "rand_score": 0.7760804020100502,
                "homogeneity_score": 0.4860192129076754,
                "completeness_score": 0.3714953996266575
            },
            "key": "16S-Bacteria-Phylum"
        },
        {
            "title": "DATI PER Molecules\\Eukaryota\\16S-Eukaryota-Phylum.csv E BenchMark-results\\Eukaryota\\16S-streqalign.csv",
            "single": {
                "rand_score": 0.24503328213005632,
                "homogeneity_score": 0.07475374531454029,
                "completeness_score": 0.39977843349548925
            },
            "average": {
                "rand_score": 0.6740143369175627,
                "homogeneity_score": 0.25629067226058666,
                "completeness_score": 0.3388537275641422
            },
            "complete": {
                "rand_score": 0.6757552483358935,
                "homogeneity_score": 0.2710125564111569,
                "completeness_score": 0.3297678468770787
            },
            "key": "16S-Eukaryota-Phylum"
        },
        {
            "title": "DATI PER Molecules\\Archaea\\23S-Archaea-Phylum.csv E BenchMark-results\\Archaea\\23S-streqalign.csv",
            "single": {
                "rand_score": 1.0,
                "homogeneity_score": 1.0,
                "completeness_score": 1.0
            },
            "average": {
                "rand_score": 1.0,
                "homogeneity_score": 1.0,
                "completeness_score": 1.0
            },
            "complete": {
                "rand_score": 1.0,
                "homogeneity_score": 1.0,
                "completeness_score": 1.0
            },
            "key": "23S-Archaea-Phylum"
        },
        {
            "title": "DATI PER Molecules\\Bacteria\\23S-Bacteria-Phylum.csv E BenchMark-results\\Bacteria\\23S-streqalign.csv",
            "single": {
                "rand_score": 0.5548172757475083,
                "homogeneity_score": 0.3778930666302723,
                "completeness_score": 0.5291147993459352
            },
            "average": {
                "rand_score": 0.6013289036544851,
                "homogeneity_score": 0.4396681184355213,
                "completeness_score": 0.5173569232897627
            },
            "complete": {
                "rand_score": 0.7009966777408638,
                "homogeneity_score": 0.43717098574404795,
                "completeness_score": 0.4056651608893047
            },
            "key": "23S-Bacteria-Phylum"
        },
        {
            "title": "DATI PER Molecules\\Eukaryota\\23S-Eukaryota-Phylum.csv E BenchMark-results\\Eukaryota\\23S-streqalign.csv",
            "single": {
                "rand_score": 0.49047619047619045,
                "homogeneity_score": 0.26242758128313903,
                "completeness_score": 0.4985051402838513
            },
            "average": {
                "rand_score": 0.5333333333333333,
                "homogeneity_score": 0.30586270921307074,
                "completeness_score": 0.5038028964957941
            },
            "complete": {
                "rand_score": 0.5333333333333333,
                "homogeneity_score": 0.3058627092130707,
                "completeness_score": 0.5038028964957941
            },
            "key": "23S-Eukaryota-Phylum"
        }
    ]
}