Id1;ValueS;ValueE
CRW_23S_A_E_1;1.084526;17399.975394
CRW_23S_A_E_2;1.124512;16895.175189
CRW_23S_A_E_3;1.124512;16895.175189
CRW_23S_A_E_6;1.046129;17072.148212