{
    "data": [
        {
            "title": "DATI PER Order\\Archaea\\5S-Archaea-Order.csv E Benchmark-results-gc\\Archaea\\5S-distance.csv",
            "single": {
                "rand_score": 0.49538461538461537,
                "homogeneity_score": 0.30629892329719577,
                "completeness_score": 0.43528338514778087
            },
            "average": {
                "rand_score": 0.49538461538461537,
                "homogeneity_score": 0.30629892329719577,
                "completeness_score": 0.43528338514778087
            },
            "complete": {
                "rand_score": 0.49538461538461537,
                "homogeneity_score": 0.30629892329719577,
                "completeness_score": 0.43528338514778087
            },
            "key": "5S-Archaea-Order"
        },
        {
            "title": "DATI PER Order\\Bacteria\\5S-Bacteria-Order.csv E Benchmark-results-gc\\Bacteria\\5S-distance.csv",
            "single": {
                "rand_score": 0.3778672032193159,
                "homogeneity_score": 0.16109791390088204,
                "completeness_score": 0.30529339714214493
            },
            "average": {
                "rand_score": 0.3778672032193159,
                "homogeneity_score": 0.16109791390088204,
                "completeness_score": 0.30529339714214493
            },
            "complete": {
                "rand_score": 0.3778672032193159,
                "homogeneity_score": 0.16109791390088204,
                "completeness_score": 0.30529339714214493
            },
            "key": "5S-Bacteria-Order"
        },
        {
            "title": "DATI PER Order\\Eukaryota\\5S-Eukaryota-Order.csv E Benchmark-results-gc\\Eukaryota\\5S-distance.csv",
            "single": {
                "rand_score": 0.49726589200273413,
                "homogeneity_score": 0.29708039324817054,
                "completeness_score": 0.5191531055257776
            },
            "average": {
                "rand_score": 0.49726589200273413,
                "homogeneity_score": 0.29708039324817054,
                "completeness_score": 0.5191531055257776
            },
            "complete": {
                "rand_score": 0.49726589200273413,
                "homogeneity_score": 0.29708039324817054,
                "completeness_score": 0.5191531055257776
            },
            "key": "5S-Eukaryota-Order"
        },
        {
            "title": "DATI PER Order\\Archaea\\16S-Archaea-Order.csv E Benchmark-results-gc\\Archaea\\16S-distance.csv",
            "single": {
                "rand_score": 0.7028985507246377,
                "homogeneity_score": 0.5639914001657933,
                "completeness_score": 0.7532436610239318
            },
            "average": {
                "rand_score": 0.7028985507246377,
                "homogeneity_score": 0.5639914001657933,
                "completeness_score": 0.7532436610239318
            },
            "complete": {
                "rand_score": 0.7028985507246377,
                "homogeneity_score": 0.5639914001657933,
                "completeness_score": 0.7532436610239318
            },
            "key": "16S-Archaea-Order"
        },
        {
            "title": "DATI PER Order\\Bacteria\\16S-Bacteria-Order.csv E Benchmark-results-gc\\Bacteria\\16S-distance.csv",
            "single": {
                "rand_score": 0.5106532663316583,
                "homogeneity_score": 0.3582723330581905,
                "completeness_score": 0.7357906476780107
            },
            "average": {
                "rand_score": 0.5106532663316583,
                "homogeneity_score": 0.3582723330581905,
                "completeness_score": 0.7357906476780107
            },
            "complete": {
                "rand_score": 0.5106532663316583,
                "homogeneity_score": 0.3582723330581905,
                "completeness_score": 0.7357906476780107
            },
            "key": "16S-Bacteria-Order"
        },
        {
            "title": "DATI PER Order\\Eukaryota\\16S-Eukaryota-Order.csv E Benchmark-results-gc\\Eukaryota\\16S-distance.csv",
            "single": {
                "rand_score": 0.41472990777338603,
                "homogeneity_score": 0.2743820754887675,
                "completeness_score": 0.6655593174600122
            },
            "average": {
                "rand_score": 0.41472990777338603,
                "homogeneity_score": 0.2743820754887675,
                "completeness_score": 0.6655593174600122
            },
            "complete": {
                "rand_score": 0.41472990777338603,
                "homogeneity_score": 0.2743820754887675,
                "completeness_score": 0.6655593174600122
            },
            "key": "16S-Eukaryota-Order"
        },
        {
            "title": "DATI PER Order\\Archaea\\23S-Archaea-Order.csv E Benchmark-results-gc\\Archaea\\23S-distance.csv",
            "single": {
                "rand_score": 1.0,
                "homogeneity_score": 1.0,
                "completeness_score": 1.0
            },
            "average": {
                "rand_score": 1.0,
                "homogeneity_score": 1.0,
                "completeness_score": 1.0
            },
            "complete": {
                "rand_score": 1.0,
                "homogeneity_score": 1.0,
                "completeness_score": 1.0
            },
            "key": "23S-Archaea-Order"
        },
        {
            "title": "DATI PER Order\\Bacteria\\23S-Bacteria-Order.csv E Benchmark-results-gc\\Bacteria\\23S-distance.csv",
            "single": {
                "rand_score": 0.751937984496124,
                "homogeneity_score": 0.6177443400136958,
                "completeness_score": 0.8198181656444803
            },
            "average": {
                "rand_score": 0.751937984496124,
                "homogeneity_score": 0.6177443400136958,
                "completeness_score": 0.8198181656444803
            },
            "complete": {
                "rand_score": 0.751937984496124,
                "homogeneity_score": 0.6177443400136958,
                "completeness_score": 0.8198181656444803
            },
            "key": "23S-Bacteria-Order"
        },
        {
            "title": "DATI PER Order\\Eukaryota\\23S-Eukaryota-Order.csv E Benchmark-results-gc\\Eukaryota\\23S-distance.csv",
            "single": {
                "rand_score": 0.6578947368421053,
                "homogeneity_score": 0.5122874494943286,
                "completeness_score": 0.6360502607143386
            },
            "average": {
                "rand_score": 0.6578947368421053,
                "homogeneity_score": 0.5122874494943286,
                "completeness_score": 0.6360502607143386
            },
            "complete": {
                "rand_score": 0.6578947368421053,
                "homogeneity_score": 0.5122874494943286,
                "completeness_score": 0.6360502607143386
            },
            "key": "23S-Eukaryota-Order"
        }
    ]
}