{
    "data": [
        {
            "title": "DATI PER Order\\Archaea\\5S-Archaea-Order.csv E Benchmark-results-Serna1\\Archaea\\5S-SernaAlign1.csv",
            "single": {
                "rand_score": 0.7907692307692308,
                "homogeneity_score": 0.5566460242422177,
                "completeness_score": 0.528001051978115
            },
            "average": {
                "rand_score": 0.8276923076923077,
                "homogeneity_score": 0.656007023122249,
                "completeness_score": 0.5821237782333624
            },
            "complete": {
                "rand_score": 0.84,
                "homogeneity_score": 0.7129244224009287,
                "completeness_score": 0.6306540701008431
            },
            "key": "5S-Archaea-Order"
        },
        {
            "title": "DATI PER Order\\Bacteria\\5S-Bacteria-Order.csv E Benchmark-results-Serna1\\Bacteria\\5S-SernaAlign1.csv",
            "single": {
                "rand_score": 0.8164989939637827,
                "homogeneity_score": 0.49020296787980316,
                "completeness_score": 0.4615034152456526
            },
            "average": {
                "rand_score": 0.8490945674044266,
                "homogeneity_score": 0.5925788766269167,
                "completeness_score": 0.5034496705057864
            },
            "complete": {
                "rand_score": 0.8531187122736419,
                "homogeneity_score": 0.6093373623372325,
                "completeness_score": 0.5145060086062365
            },
            "key": "5S-Bacteria-Order"
        },
        {
            "title": "DATI PER Order\\Eukaryota\\5S-Eukaryota-Order.csv E Benchmark-results-Serna1\\Eukaryota\\5S-SernaAlign1.csv",
            "single": {
                "rand_score": 0.8321941216678059,
                "homogeneity_score": 0.5289824085680328,
                "completeness_score": 0.4995690576086719
            },
            "average": {
                "rand_score": 0.8626110731373889,
                "homogeneity_score": 0.6566036700339839,
                "completeness_score": 0.5355083083949609
            },
            "complete": {
                "rand_score": 0.8629528366370471,
                "homogeneity_score": 0.6628214551276229,
                "completeness_score": 0.5410455956460959
            },
            "key": "5S-Eukaryota-Order"
        },
        {
            "title": "DATI PER Order\\Archaea\\16S-Archaea-Order.csv E Benchmark-results-Serna1\\Archaea\\16S-SernaAlign1.csv",
            "single": {
                "rand_score": 0.8623188405797102,
                "homogeneity_score": 0.7161341514246637,
                "completeness_score": 0.691011446966092
            },
            "average": {
                "rand_score": 0.8804347826086957,
                "homogeneity_score": 0.7425282767484511,
                "completeness_score": 0.6880470746013698
            },
            "complete": {
                "rand_score": 0.8804347826086957,
                "homogeneity_score": 0.7425282767484512,
                "completeness_score": 0.6880470746013699
            },
            "key": "16S-Archaea-Order"
        },
        {
            "title": "DATI PER Order\\Bacteria\\16S-Bacteria-Order.csv E Benchmark-results-Serna1\\Bacteria\\16S-SernaAlign1.csv",
            "single": {
                "rand_score": 0.8959798994974875,
                "homogeneity_score": 0.5184228734521334,
                "completeness_score": 0.5533192556166818
            },
            "average": {
                "rand_score": 0.9366834170854271,
                "homogeneity_score": 0.664737546768307,
                "completeness_score": 0.5803972005707865
            },
            "complete": {
                "rand_score": 0.9370854271356784,
                "homogeneity_score": 0.6658942500674562,
                "completeness_score": 0.5779968560295672
            },
            "key": "16S-Bacteria-Order"
        },
        {
            "title": "DATI PER Order\\Eukaryota\\16S-Eukaryota-Order.csv E Benchmark-results-Serna1\\Eukaryota\\16S-SernaAlign1.csv",
            "single": {
                "rand_score": 0.6849538866930172,
                "homogeneity_score": 0.31108936692506906,
                "completeness_score": 0.4452972110931217
            },
            "average": {
                "rand_score": 0.9140184453227932,
                "homogeneity_score": 0.5596924281530318,
                "completeness_score": 0.4405519460451053
            },
            "complete": {
                "rand_score": 0.9141501976284585,
                "homogeneity_score": 0.5688584925600513,
                "completeness_score": 0.4482605419462986
            },
            "key": "16S-Eukaryota-Order"
        },
        {
            "title": "DATI PER Order\\Archaea\\23S-Archaea-Order.csv E Benchmark-results-Serna1\\Archaea\\23S-SernaAlign1.csv",
            "single": {
                "rand_score": 1.0,
                "homogeneity_score": 1.0,
                "completeness_score": 1.0
            },
            "average": {
                "rand_score": 0.5,
                "homogeneity_score": 0.3836885465963443,
                "completeness_score": 0.31127812445913283
            },
            "complete": {
                "rand_score": 0.5,
                "homogeneity_score": 0.3836885465963443,
                "completeness_score": 0.31127812445913283
            },
            "key": "23S-Archaea-Order"
        },
        {
            "title": "DATI PER Order\\Bacteria\\23S-Bacteria-Order.csv E Benchmark-results-Serna1\\Bacteria\\23S-SernaAlign1.csv",
            "single": {
                "rand_score": 0.920265780730897,
                "homogeneity_score": 0.7396058357885869,
                "completeness_score": 0.7380005007766901
            },
            "average": {
                "rand_score": 0.9346622369878184,
                "homogeneity_score": 0.7867730342725462,
                "completeness_score": 0.7467835221280629
            },
            "complete": {
                "rand_score": 0.9346622369878184,
                "homogeneity_score": 0.7840412922028654,
                "completeness_score": 0.7382949776642701
            },
            "key": "23S-Bacteria-Order"
        },
        {
            "title": "DATI PER Order\\Eukaryota\\23S-Eukaryota-Order.csv E Benchmark-results-Serna1\\Eukaryota\\23S-SernaAlign1.csv",
            "single": {
                "rand_score": 0.868421052631579,
                "homogeneity_score": 0.7587938739939971,
                "completeness_score": 0.754217299256635
            },
            "average": {
                "rand_score": 0.8631578947368421,
                "homogeneity_score": 0.7336619674816317,
                "completeness_score": 0.6633803120088516
            },
            "complete": {
                "rand_score": 0.8631578947368421,
                "homogeneity_score": 0.7336619674816317,
                "completeness_score": 0.6633803120088516
            },
            "key": "23S-Eukaryota-Order"
        }
    ]
}